Workbook

Sheet Huong_dan
A1: DỮ LIỆU VĂN HÓA – GIẢI TRÍ HÀ NỘI
A2: Tổng hợp ngày 03/10/2026 từ kết quả tìm kiếm web. Mỗi dòng có link nguồn bấm được.
A4: Sheet | B4: Số dòng | C4: Số dòng cần kiểm tra
A5: Su_kien | B5: =COUNTA(Su_kien!A:A)-1 -> 18 | C5: =COUNTIF(Su_kien!K:K,"Cần kiểm tra*") -> 5
A6: Bao_tang | B6: =COUNTA(Bao_tang!A:A)-1 -> 15 | C6: =COUNTIF(Bao_tang!I:I,"Cần kiểm tra*") -> 6
A7: Di_tich | B7: =COUNTA(Di_tich!A:A)-1 -> 18 | C7: =COUNTIF(Di_tich!I:I,"Cần kiểm tra*") -> 1
A8: Cafe_nhac_song | B8: =COUNTA(Cafe_nhac_song!A:A)-1 -> 14 | C8: =COUNTIF(Cafe_nhac_song!H:H,"Cần kiểm tra*") -> 2
A9: Workshop | B9: =COUNTA(Workshop!A:A)-1 -> 8 | C9: =COUNTIF(Workshop!G:G,"Cần kiểm tra*") -> 3
A10: Photobooth | B10: =COUNTA(Photobooth!A:A)-1 -> 13 | C10: =COUNTIF(Photobooth!G:G,"Cần kiểm tra*") -> 1
A11: Nha_hat_Dia_diem | B11: =COUNTA(Nha_hat_Dia_diem!A:A)-1 -> 9 | C11: =COUNTIF(Nha_hat_Dia_diem!G:G,"Cần kiểm tra*") -> 0
A12: Nguon_theo_doi | B12: =COUNTA(Nguon_theo_doi!A:A)-1 -> 9 | C12: —
A13: Tổng | B13: =SUM(B5:B12) -> 104 | C13: =SUM(C5:C11) -> 18
A15: CÁCH ĐỌC
A16: • Cột "Trạng thái" ở sheet Su_kien tự tính theo ngày hôm nay (Đã diễn ra / Đang diễn ra / Sắp diễn ra).
A17: • Dòng tô vàng = "Cần kiểm tra": thiếu địa chỉ, nguồn mâu thuẫn, hoặc chưa tìm được link. Lý do ghi ở cột Xác minh.
A18: • Loại nguồn: Chính thức = web của chính đơn vị/sự kiện hoặc văn bản nhà nước; Nền tảng bán vé; Báo chí; Trang du lịch/tổng hợp.
A19: • Nhiều sự kiện cấp thành phố (Festival Thăng Long, Jazztival, Lễ hội Văn hóa Thế giới…) không có website riêng, nên link nguồn là bài báo.
A20: • Giá vé, giờ mở cửa có thể thay đổi; luôn kiểm tra lại trên link nguồn trước khi đi.
A21: • Số liệu chung: Hà Nội có 5.922 di tích được kiểm kê (1 di sản thế giới, 21 cụm QG đặc biệt, 1.160 di tích QG, 1.456 di tích cấp TP). Nguồn: quanlynhanuoc.vn/?p=43520
A22: • Cột "Giới thiệu ngắn" được viết lại bằng lời của mình dựa trên nguồn ở cột bên cạnh. "Hiểu biết chung" = thông tin phổ biến nhưng link chỉ xác nhận tên/xếp hạng, chưa đối chiếu nội dung giới thiệu.

Sheet Su_kien
A1: Tên sự kiện | B1: Loại hình | C1: Ngày bắt đầu | D1: Ngày kết thúc | E1: Trạng thái (tự tính) | F1: Địa điểm | G1: Giá vé | H1: Mô tả ngắn | I1: Link nguồn | J1: Loại nguồn | K1: Xác minh
A2: Lễ hội Văn hóa Thế giới tại Hà Nội lần II – "Hội tụ di sản, Kiến tạo tương lai" | B2: Lễ hội quốc tế | C2: 46296 | D2: 46299 | E2: =IF(TODAY()>D2,"Đã diễn ra",IF(TODAY()>=C2,"Đang diễn ra","Sắp diễn ra")) -> Đang diễn ra | F2: Hoàng thành Thăng Long | G2: Chưa công bố | H2: 45 không gian văn hóa, 35 gian ẩm thực, chiếu phim 18 nước, thời trang 19 nước, 20 đoàn nghệ thuật quốc tế | I2: https://mekongasean.vn/sap-dien-ra-le-hoi-van-hoa-the-gioi-tai-ha-noi-lan-thu-hai-59854.html | J2: Báo chí | K2: Đã đối chiếu nguồn
A3: Vietnam Airlines Classic – Hanoi Concert 2026 (London Symphony Orchestra) | B3: Hòa nhạc giao hưởng | C3: 46297 | D3: 46298 | E3: =IF(TODAY()>D3,"Đã diễn ra",IF(TODAY()>=C3,"Đang diễn ra","Sắp diễn ra")) -> Đang diễn ra | F3: Nhà hát Hồ Gươm | G3: Xem web nhà hát | H3: LSO do Sir Antonio Pappano chỉ huy; vé bán trên web Nhà hát Hồ Gươm | I3: https://hoguomopera.com/ | J3: Chính thức (web bán vé) | K3: Đã đối chiếu nguồn
A4: Musique de Salon 22: Âm nhạc và Điện ảnh II | B4: Hòa nhạc | C4: 46298 | D4: 46298 | E4: =IF(TODAY()>D4,"Đã diễn ra",IF(TODAY()>=C4,"Đang diễn ra","Sắp diễn ra")) -> Đang diễn ra | F4: Cung Văn hóa Lao động Hữu nghị Việt Xô | G4: Từ 900.000đ | H4: Đêm nhạc chủ đề âm nhạc điện ảnh | I4: https://vticket.com.vn/ | J4: Nền tảng bán vé | K4: Đã đối chiếu nguồn
A5: Giải Marathon Quốc tế Hà Nội Techcombank mùa 5 | B5: Thể thao cộng đồng | C5: 46299 | D5: 46299 | E5: =IF(TODAY()>D5,"Đã diễn ra",IF(TODAY()>=C5,"Đang diễn ra","Sắp diễn ra")) -> Sắp diễn ra | F5: Cung đường qua 37 địa danh của Thủ đô | G5: Theo BTC | H5: Khoảng 14.000 VĐV | I5: https://doanhnghiephoinhap.vn/loi-song&by-date=2026-08-19T16-39 | J5: Báo chí | K5: Đã đối chiếu nguồn
A6: Sân khấu kịch huyền ảo: Nguyễn Du – Hồ Xuân Hương Ngoại Truyện | B6: Kịch | C6: 46304 | D6: 46332 | E6: =IF(TODAY()>D6,"Đã diễn ra",IF(TODAY()>=C6,"Đang diễn ra","Sắp diễn ra")) -> Sắp diễn ra | F6: Nhà hát Tuổi Trẻ (Số 11 Ngô Thì Nhậm, Hai Bà Trưng, Hà Nội) | G6: 300.000 VNĐ/vé (tùy vị trí ghế) | H6: Các suất 09/10, 16/10, 06/11/2026 | I6: https://ticketgo.vn/ | J6: Nền tảng bán vé | K6: Cần kiểm tra: trang vé không ghi rõ thành phố
A7: Subscription Concert Vol 187 | Haydn – Otaka – Debussy | B7: Hòa nhạc cổ điển | C7: 46311 | D7: 46311 | E7: =IF(TODAY()>D7,"Đã diễn ra",IF(TODAY()>=C7,"Đang diễn ra","Sắp diễn ra")) -> Sắp diễn ra | F7: Hà Nội (xem trang vé) | G7: Từ 500.000đ | H7: Hòa nhạc đặt vé trước số 187 | I7: https://ticketgo.vn/event/category/am-nhac | J7: Nền tảng bán vé | K7: Đã đối chiếu nguồn
A8: Concert Anh trai vượt ngàn chông gai 2026 | B8: Concert | C8: 46312 | D8: 46313 | E8: =IF(TODAY()>D8,"Đã diễn ra",IF(TODAY()>=C8,"Đang diễn ra","Sắp diễn ra")) -> Sắp diễn ra | F8: KĐT Phú Long - Bình Trưng Và The Global City (Đỗ Xuân Hợp, Phường Bình Trưng, TP. Hồ Chí Minh) | G8: Đã bán hết vé | H8: Hai đêm diễn, đã cháy vé | I8: https://vtv.vn/su-bung-no-cua-cac-concert-quy-mo-lon-va-co-hoi-dinh-hinh-cac-ip-van-hoa-100260928161459087.htm | J8: Báo chí | K8: Cần kiểm tra: bài báo không ghi rõ thành phố
A9: Liveshow Hoàng Tôn – 14 Casper – Bon Nghiêm: Lời Chưa Kịp Nói | Sky Melody | B9: Liveshow | C9: 46319 | D9: 46319 | E9: =IF(TODAY()>D9,"Đã diễn ra",IF(TODAY()>=C9,"Đang diễn ra","Sắp diễn ra")) -> Sắp diễn ra | F9: Sky Melody (xem trang vé) | G9: Xem trang vé | I9: https://ticketgo.vn/ | J9: Nền tảng bán vé | K9: Cần kiểm tra: trang vé không ghi rõ thành phố
A10: BIGBANG 2026-2027 World Tour <XX: COSMOS> in Hanoi | B10: Concert | C10: 46319 | D10: 46320 | E10: =IF(TODAY()>D10,"Đã diễn ra",IF(TODAY()>=C10,"Đang diễn ra","Sắp diễn ra")) -> Sắp diễn ra | F10: Sân vận động Mỹ Đình | G10: Xem kênh bán vé chính thức | H10: Tâm điểm mùa concert tháng 10 | I10: https://vtv.vn/su-bung-no-cua-cac-concert-quy-mo-lon-va-co-hoi-dinh-hinh-cac-ip-van-hoa-100260928161459087.htm | J10: Báo chí | K10: Đã đối chiếu nguồn
A11: Lễ hội Thiết kế Sáng tạo Hà Nội 2026 – "Kinh tế sáng tạo" (hoạt động chính) | B11: Lễ hội thiết kế | C11: 46327 | D11: 46356 | E11: =IF(TODAY()>D11,"Đã diễn ra",IF(TODAY()>=C11,"Đang diễn ra","Sắp diễn ra")) -> Sắp diễn ra | F11: Trung tâm: khu chợ Đồng Xuân – Bắc Qua; nhiều điểm toàn TP | G11: Chưa công bố | H11: Chuỗi hoạt động từ tháng 1–11, hoạt động chính tháng 11 | I11: https://daibieunhandan.vn/print/10400007.html | J11: Báo chí | K11: Cần kiểm tra: ngày cụ thể trong tháng 11 chưa công bố
A12: Liên hoan Phim Quốc tế Hà Nội lần VIII (HANIFF VIII) | B12: Liên hoan phim | C12: 46353 | D12: 46358 | E12: =IF(TODAY()>D12,"Đã diễn ra",IF(TODAY()>=C12,"Đang diễn ra","Sắp diễn ra")) -> Sắp diễn ra | F12: Hà Nội | G12: Chưa công bố | H12: Ngày dự kiến | I12: https://baoquocte.vn/van-hoa&by-date=2026-08-19T14-23 | J12: Báo chí | K12: Cần kiểm tra: lịch dự kiến
A13: Tụ hội Sáng tạo – khởi động Lễ hội TKST Hà Nội 2026 | B13: Lễ hội thiết kế | C13: 46032 | D13: 46033 | E13: =IF(TODAY()>D13,"Đã diễn ra",IF(TODAY()>=C13,"Đang diễn ra","Sắp diễn ra")) -> Đã diễn ra | F13: Quảng trường Đông Kinh Nghĩa Thục & phố đi bộ hồ Hoàn Kiếm | G13: Miễn phí | H13: Hơn 200 đơn vị sáng tạo tham gia | I13: https://baovanhoa.vn/van-hoa/khai-mac-chuong-trinh-tu-hoi-sang-tao-hanh-trinh-den-le-hoi-thiet-ke-sang-tao-ha-noi-2026-196443.html | J13: Báo chí | K13: Đã đối chiếu nguồn
A14: Crescendo – Giao hưởng kết nối (hòa nhạc ngoài trời) | B14: Hòa nhạc | C14: 46207 | D14: 46207 | E14: =IF(TODAY()>D14,"Đã diễn ra",IF(TODAY()>=C14,"Đang diễn ra","Sắp diễn ra")) -> Đã diễn ra | F14: Nhà Bát Giác, hồ Hoàn Kiếm | G14: Miễn phí (ngoài trời) | H14: Một phần Liên hoan Âm nhạc Quốc tế Crescendo 2026 | I14: https://thoibaotaichinhvietnam.vn/nhieu-phim-viet-se-duoc-chieu-tai-lien-hoan-phim-quoc-te-ha-noi-71410.html | J14: Báo chí | K14: Đã đối chiếu nguồn
A15: Live concert Thanh Tùng – Legacy of Love 2026 | B15: Concert | C15: 46249 | D15: 46249 | E15: =IF(TODAY()>D15,"Đã diễn ra",IF(TODAY()>=C15,"Đang diễn ra","Sắp diễn ra")) -> Đã diễn ra | F15: Hà Nội | G15: Từ 900.000đ | I15: https://ticketgo.vn/event/category/am-nhac | J15: Nền tảng bán vé | K15: Đã đối chiếu nguồn
A16: Liên hoan Sân khấu Hà Nội mở rộng 2026 | B16: Sân khấu | C16: 46268 | D16: 46278 | E16: =IF(TODAY()>D16,"Đã diễn ra",IF(TODAY()>=C16,"Đang diễn ra","Sắp diễn ra")) -> Đã diễn ra | F16: Rạp Công Nhân, Đại Nam, Hồng Hà, Cung Việt Xô, Nhà hát Hồ Gươm… | G16: Theo từng vở | H16: Chèo, cải lương, kịch nói, nhạc kịch, xiếc, rối, tuồng | I16: https://daibieunhandan.vn/dau-thang-9-se-dien-ra-lien-hoan-san-khau-ha-noi-mo-rong-2026-10416231.html | J16: Báo chí | K16: Đã đối chiếu nguồn
A17: Festival Thăng Long – Hà Nội lần II "Dòng chảy di sản" | B17: Festival | C17: 46276 | D17: 46285 | E17: =IF(TODAY()>D17,"Đã diễn ra",IF(TODAY()>=C17,"Đang diễn ra","Sắp diễn ra")) -> Đã diễn ra | F17: Hoàng thành, Văn Miếu, Bảo tàng HN, Bát Tràng, Tượng đài Cảm tử, QT Đông Kinh Nghĩa Thục | G17: Phần lớn miễn phí | H17: Hàng chục sự kiện, hơn 3.000 nghệ sĩ | I17: https://baoquocte.vn/khai-mac-festival-thang-long-ha-noi-2026-bua-tiec-nghe-thuat-da-mau-sac-van-hoa-442897.html | J17: Báo chí | K17: Đã đối chiếu nguồn
A18: Hanoi Jazztival 2026 – "Jazz Hà Nội, Giai điệu không biên giới" | B18: Liên hoan âm nhạc | C18: 46282 | D18: 46284 | E18: =IF(TODAY()>D18,"Đã diễn ra",IF(TODAY()>=C18,"Đang diễn ra","Sắp diễn ra")) -> Đã diễn ra | F18: Vườn âm nhạc Nhà hát Lớn, 22 Hàng Buồm, Bảo tàng Phụ nữ, các jazz club | G18: Phần lớn miễn phí | H18: Khai mạc, tọa đàm, workshop, Night Jam tại jazz club | I18: https://nhadautu.vn/kham-pha-ban-do-nhac-jazz-quoc-te-tai-ha-noi-vao-thang-9-d106942.html | J18: Báo chí | K18: Đã đối chiếu nguồn
A19: Liên hoan Phim tài liệu châu Âu – Việt Nam lần 16 | B19: Liên hoan phim | C19: 46283 | D19: 46291 | E19: =IF(TODAY()>D19,"Đã diễn ra",IF(TODAY()>=C19,"Đang diễn ra","Sắp diễn ra")) -> Đã diễn ra | F19: Hãng Phim tài liệu và khoa học TW, 465 Hoàng Hoa Thám | G19: Theo BTC | H19: 25 phim (11 quốc tế, 14 Việt Nam) | I19: https://mekongasean.vn/14-tac-pham-trong-nuoc-tham-gia-lien-hoan-phim-tai-lieu-chau-au-viet-nam-2026-59631.html | J19: Báo chí | K19: Đã đối chiếu nguồn

Sheet Bao_tang
A1: Tên bảo tàng | B1: Chủ đề | C1: Địa chỉ | D1: Giờ mở cửa | E1: Giá vé | F1: Ghi chú | G1: Website / Link nguồn | H1: Loại nguồn | I1: Xác minh | J1: Giới thiệu ngắn | K1: Nguồn giới thiệu | L1: Loại nguồn giới thiệu
A2: Bảo tàng Hà Nội | B2: Lịch sử – văn hóa Thủ đô | C2: Phạm Hùng, Nam Từ Liêm | D2: Xem nguồn | E2: 30.000đ/lượt (từ 1/1/2025); miễn phí ngày 18/5 | F2: Lưu giữ hơn 70.000 tài liệu, hiện vật | G2: https://kinhte.congthuong.vn/apicenter@/print_article&i=368066 | H2: Báo chí (dẫn Nghị quyết 44/2024/NQ-HĐND) | I2: Đã đối chiếu nguồn | J2: Bảo tàng về lịch sử nghìn năm Thăng Long – Hà Nội, lưu giữ hơn 70.000 tài liệu, hiện vật; tòa nhà kim tự tháp ngược là điểm check-in quen thuộc. | K2: https://kinhte.congthuong.vn/apicenter@/print_article&i=368066 | L2: Báo chí
A3: Bảo tàng Dân tộc học Việt Nam | B3: Văn hóa 54 dân tộc | C3: Nguyễn Văn Huyên, Cầu Giấy | D3: 8:30–17:30, đóng cửa thứ Hai | E3: 40.000đ | F3: Có biểu diễn miễn phí 2 lần/ngày ở khu vườn | G3: https://www.vme.org.vn | H3: Chính thức | I3: Đã đối chiếu nguồn | J3: Mở cửa năm 1997, giới thiệu văn hóa 54 dân tộc Việt Nam; có khu trưng bày trong nhà, khu nhà truyền thống ngoài trời và tòa Cánh Diều (2013) về văn hóa Đông Nam Á. | K3: https://en.wikipedia.org/wiki/Vietnam_Museum_of_Ethnology | L3: Wikipedia
A4: Bảo tàng Mỹ thuật Việt Nam | B4: Mỹ thuật | C4: 66 Nguyễn Thái Học, Ba Đình | D4: 8:30–17:00, đóng cửa thứ Hai | E4: 30.000đ | F4: Đối diện Văn Miếu | G4: https://vietnam.travel/vi/things-to-do/vietnams-must-see-museums | H4: Cục Du lịch QG (trang chính thức ngành) | I4: Đã đối chiếu nguồn | J4: Bảo tàng mỹ thuật quốc gia, nằm đối diện Văn Miếu và cách Hoàng thành khoảng 10 phút đi bộ; tiện ghép lịch tham quan cả cụm. | K4: https://vietnam.travel/vi/things-to-do/vietnams-must-see-museums | L4: Cục Du lịch Quốc gia
A5: Bảo tàng Phụ nữ Việt Nam | B5: Văn hóa – xã hội | C5: 36 Lý Thường Kiệt, Hoàn Kiếm | D5: 8:00–17:00 hằng ngày | E5: Xem nguồn | F5: Vài phút đi bộ từ Hồ Gươm | G5: https://vietnam.travel/vi/things-to-do/vietnams-must-see-museums | H5: Cục Du lịch QG (trang chính thức ngành) | I5: Đã đối chiếu nguồn | J5: Kể về vai trò của phụ nữ trong lịch sử và văn hóa Việt Nam; nằm gần Hồ Gươm. | K5: https://vietnam.travel/vi/things-to-do/vietnams-must-see-museums | L5: Cục Du lịch Quốc gia
A6: Bảo tàng Hồ Chí Minh | B6: Lịch sử | C6: 19 Ngọc Hà, Ba Đình | D6: Xem nguồn | E6: Khách nước ngoài 40.000đ | F6: Không gian trưng bày do SV ĐH Mỹ thuật HN thiết kế | G6: https://vinwonders.com/vi/wonderpedia/news/bao-tang-binh-chung-thong-tin/ | H6: Trang du lịch | I6: Đã đối chiếu nguồn | J6: Trưng bày theo hành trình cuộc đời Chủ tịch Hồ Chí Minh; không gian trưng bày chính do sinh viên ĐH Mỹ thuật Hà Nội thiết kế. | K6: https://vietnam.travel/vi/things-to-do/vietnams-must-see-museums | L6: Cục Du lịch Quốc gia
A7: Bảo tàng Thiên nhiên Việt Nam | B7: Thiên nhiên | C7: 18 Hoàng Quốc Việt | D7: 8:00–17:00 | E7: Miễn phí | F7: Phù hợp trẻ em | G7: https://vinwonders.com/vi/wonderpedia/news/bao-tang-binh-chung-thong-tin/ | H7: Trang du lịch | I7: Đã đối chiếu nguồn | J7: Bảo tàng về thế giới tự nhiên Việt Nam, thường được gợi ý cho gia đình có trẻ nhỏ. | K7: https://vinwonders.com/vi/wonderpedia/news/bao-tang-o-ha-noi/ | L7: Trang du lịch
A8: Bảo tàng Phòng không – Không quân | B8: Quân sự | C8: 171 Trường Chinh, Kim Liên | D8: 8:00–11:30, 13:00–16:30 | E8: Miễn phí | G8: https://vinwonders.com/vi/wonderpedia/news/bao-tang-binh-chung-thong-tin/ | H8: Trang du lịch | I8: Đã đối chiếu nguồn | J8: Bảo tàng quân sự về lực lượng phòng không – không quân, có khu trưng bày khí tài ngoài trời; vào cửa miễn phí. | K8: https://vinwonders.com/vi/wonderpedia/news/bao-tang-binh-chung-thong-tin/ | L8: Trang du lịch
A9: Bảo tàng Binh chủng Thông tin | B9: Quân sự | C9: 1 Giang Văn Minh, Ba Đình | D9: Xem nguồn | E9: Xem nguồn | G9: https://vinwonders.com/vi/wonderpedia/news/bao-tang-binh-chung-thong-tin/ | H9: Trang du lịch | I9: Đã đối chiếu nguồn | J9: Bảo tàng quân sự về lịch sử ngành thông tin liên lạc trong quân đội, trực thuộc Cục Chính trị. | K9: https://vinpearl.com/vi/danh-sach-20-bao-tang-o-ha-noi-noi-tieng-thu-hut-du-khach | L9: Trang du lịch
A10: Bảo tàng gốm Bát Tràng (Trung tâm Tinh hoa Làng nghề Việt) | B10: Làng nghề – gốm | C10: Số 28, thôn 5, Bát Tràng | D10: 8:00–17:00 | E10: 30.000đ | F10: Kiến trúc độc đáo, có khu trải nghiệm làm gốm | G10: https://vinwonders.com/vi/wonderpedia/news/bao-tang-binh-chung-thong-tin/ | H10: Trang du lịch | I10: Đã đối chiếu nguồn | J10: Công trình kiến trúc độc đáo giữa làng gốm Bát Tràng, vừa trưng bày gốm vừa có khu trải nghiệm làm gốm. | K10: https://vinwonders.com/vi/wonderpedia/news/bao-tang-o-ha-noi/ | L10: Trang du lịch
A11: Bảo tàng Tăng Thiết giáp | B11: Quân sự | C11: Xem nguồn | D11: 8:00–17:00 | E11: Xem nguồn | F11: Trực thuộc Cục Chính trị | G11: https://vinpearl.com/vi/danh-sach-20-bao-tang-o-ha-noi-noi-tieng-thu-hut-du-khach | H11: Trang du lịch | I11: Cần kiểm tra: nguồn chưa nêu địa chỉ | J11: Bảo tàng quân sự về binh chủng tăng – thiết giáp, trực thuộc Cục Chính trị QĐND Việt Nam. | K11: https://vinpearl.com/vi/danh-sach-20-bao-tang-o-ha-noi-noi-tieng-thu-hut-du-khach | L11: Trang du lịch
A12: Bảo tàng Công binh | B12: Quân sự | C12: Xem nguồn | D12: Chủ Nhật Đóng cửa Thứ Hai Đóng cửa Thứ Ba 07:30–11:00, 13:30–16:00 Thứ Tư 07:30–11:00, 13:30–16:00 Thứ Năm 07:30–11:00, 13:30–16:00 Thứ Sáu 07:30–11:00, 13:30–16:00 | E12: Miễn phí | G12: https://vinpearl.com/vi/danh-sach-20-bao-tang-o-ha-noi-noi-tieng-thu-hut-du-khach | H12: Trang du lịch | I12: Cần kiểm tra: nguồn chưa nêu địa chỉ | J12: Bảo tàng quân sự về binh chủng công binh, miễn phí tham quan. | K12: https://vinpearl.com/vi/danh-sach-20-bao-tang-o-ha-noi-noi-tieng-thu-hut-du-khach | L12: Trang du lịch
A13: Bảo tàng Lịch sử Quốc gia | B13: Lịch sử | C13: 1 Tràng Tiền & 216 Trần Quang Khải, Hoàn Kiếm | D13: 8:00–17:00 | E13: 40000 | F13: Thông tin theo hiểu biết chung | H13: — | I13: Cần kiểm tra: chưa tìm được link nguồn | J13: Bảo tàng lịch sử lớn nhất cả nước, gồm hai tòa nhà kiến trúc Pháp ở phố Tràng Tiền và Trần Quang Khải. | L13: Hiểu biết chung – chưa có link nguồn
A14: Di tích Nhà tù Hỏa Lò | B14: Lịch sử | C14: 1 Hỏa Lò, Hoàn Kiếm | D14: 8:00–17:00 | E14: Giờ mở cửa: 08:00 – 17:00 tất cả các ngày trong tuần (kể cả lễ, Tết). [1] | F14: Thông tin theo hiểu biết chung | H14: — | I14: Cần kiểm tra: chưa tìm được link nguồn | J14: Nhà tù do Pháp xây cuối thế kỷ 19, nay là di tích kể về lịch sử giam giữ chiến sĩ cách mạng; có tour đêm. | L14: Hiểu biết chung – chưa có link nguồn
A15: Bảo tàng Lịch sử Quân sự Việt Nam | B15: Quân sự | C15: Đại lộ Thăng Long | D15: 08:00 – 16:30 | E15: Giá vé tiêu chuẩn: 40.000 đồng/người/lượt. | F15: Thông tin theo hiểu biết chung | H15: — | I15: Cần kiểm tra: chưa tìm được link nguồn | J15: Bảo tàng quân sự quy mô lớn mới xây trên Đại lộ Thăng Long, trưng bày nhiều khí tài, hiện vật chiến tranh. | L15: Hiểu biết chung – chưa có link nguồn
A16: Bảo tàng Chiến thắng B52 | B16: Quân sự | C16: 157 Đội Cấn, Ba Đình | D16: tạm thời đóng cửa | E16: Miễn phí vé: Trẻ em dưới 16 tuổi, người từ 80 tuổi trở lên, thương binh, bệnh binh, người có công với cách mạng, Mẹ Việt Nam Anh hùng, Anh hùng Lực lượng vũ trang nhân dân, quân nhân và cựu chiến binh. | F16: Thông tin theo hiểu biết chung | H16: — | I16: Cần kiểm tra: chưa tìm được link nguồn | J16: Trưng bày về chiến dịch phòng không "Hà Nội – Điện Biên Phủ trên không" tháng 12/1972, có xác máy bay B52. | L16: Hiểu biết chung – chưa có link nguồn
E17: Giảm 50% giá vé: Học sinh, sinh viên từ đủ 16 tuổi trở lên, người cao tuổi từ 60 đến dưới 80 tuổi, người khuyết tật nặng. [1, 2, 3]

Sheet Di_tich
A1: Tên di tích | B1: Xếp hạng | C1: Địa chỉ / khu vực | D1: Giờ mở cửa | E1: Giá vé | F1: Ghi chú | G1: Website / Link nguồn | H1: Loại nguồn | I1: Xác minh | J1: Giới thiệu ngắn | K1: Nguồn giới thiệu | L1: Loại nguồn giới thiệu
A2: Khu Trung tâm Hoàng thành Thăng Long | B2: Di sản Văn hóa Thế giới (UNESCO 2010); QG đặc biệt | C2: 19C Hoàng Diệu, Ba Đình | D2: Đóng cửa thứ Hai (các nguồn ghi giờ khác nhau) | E2: Xem web chính thức (các nguồn ghi 30.000đ–100.000đ, không thống nhất) | F2: Mua vé điện tử tại vedientu.hoangthanhthanglong.com | G2: https://hoangthanhthanglong.com | H2: Chính thức | I2: Cần kiểm tra: giờ & giá vé giữa các nguồn không khớp | J2: Quần thể di tích kinh đô qua nhiều triều đại, khởi dựng năm 1010 thời Lý; UNESCO công nhận Di sản Thế giới năm 2010; có khu khảo cổ 18 Hoàng Diệu. | K2: https://en.wikipedia.org/wiki/Imperial_Citadel_of_Th%C4%83ng_Long | L2: Wikipedia
A3: Văn Miếu – Quốc Tử Giám | B3: QG đặc biệt | C3: Đống Đa / Văn Miếu | D3: Xem nguồn | E3: Xem nguồn | F3: 82 bia Tiến sĩ là Di sản tư liệu thế giới | G3: https://baovanhoa.vn/di-san/trien-lam-di-tich-quoc-gia-dac-biet-o-ha-noi-59651.html | H3: Báo chí | I3: Đã đối chiếu nguồn | J3: Văn Miếu thờ Khổng Tử dựng năm 1070, Quốc Tử Giám lập năm 1076, được xem là trường đại học đầu tiên của Việt Nam; nổi tiếng với Khuê Văn Các và 82 bia Tiến sĩ. | K3: https://en.wikipedia.org/wiki/Temple_of_Literature,_Hanoi | L3: Wikipedia
A4: Hồ Hoàn Kiếm – đền Ngọc Sơn | B4: QG đặc biệt | C4: Hoàn Kiếm | D4: Xem nguồn | E4: Xem nguồn | G4: https://baovanhoa.vn/di-san/trien-lam-di-tich-quoc-gia-dac-biet-o-ha-noi-59651.html | H4: Báo chí | I4: Đã đối chiếu nguồn | J4: Hồ trung tâm gắn với truyền thuyết trả gươm; đền Ngọc Sơn trên đảo Ngọc, đi qua cầu Thê Húc, cổng có Tháp Bút – Đài Nghiên. | K4: https://baovanhoa.vn/di-san/trien-lam-di-tich-quoc-gia-dac-biet-o-ha-noi-59651.html | L4: Hiểu biết chung (link chỉ xác nhận xếp hạng)
A5: Đền Phù Đổng | B5: QG đặc biệt | C5: Gia Lâm (ngoại thành) | D5: Xem nguồn | E5: Xem nguồn | G5: https://baovanhoa.vn/di-san/trien-lam-di-tich-quoc-gia-dac-biet-o-ha-noi-59651.html | H5: Báo chí | I5: Đã đối chiếu nguồn | J5: Đền thờ Thánh Gióng tại quê hương của Gióng; nơi diễn ra Hội Gióng, di sản văn hóa phi vật thể được UNESCO ghi danh. | K5: https://baovanhoa.vn/di-san/trien-lam-di-tich-quoc-gia-dac-biet-o-ha-noi-59651.html | L5: Hiểu biết chung (link chỉ xác nhận xếp hạng)
A6: Đền Sóc Sơn | B6: QG đặc biệt | C6: Sóc Sơn (ngoại thành) | D6: Xem nguồn | E6: Xem nguồn | G6: https://baovanhoa.vn/di-san/trien-lam-di-tich-quoc-gia-dac-biet-o-ha-noi-59651.html | H6: Báo chí | I6: Đã đối chiếu nguồn | J6: Đền thờ Thánh Gióng trên núi Vệ Linh, tương truyền là nơi Gióng bay về trời; cũng tổ chức Hội Gióng. | K6: https://baovanhoa.vn/di-san/trien-lam-di-tich-quoc-gia-dac-biet-o-ha-noi-59651.html | L6: Hiểu biết chung (link chỉ xác nhận xếp hạng)
A7: Khu di tích Cổ Loa | B7: QG đặc biệt | C7: Đông Anh (ngoại thành) | D7: Xem nguồn | E7: Xem nguồn | G7: https://baovanhoa.vn/di-san/trien-lam-di-tich-quoc-gia-dac-biet-o-ha-noi-59651.html | H7: Báo chí | I7: Đã đối chiếu nguồn | J7: Thành cổ hình xoắn ốc, kinh đô nước Âu Lạc của An Dương Vương (thế kỷ 3 TCN), cách trung tâm khoảng 17 km về phía bắc; nhiều di vật văn hóa Đông Sơn. | K7: https://en.wikipedia.org/wiki/C%E1%BB%95_Loa_Citadel | L7: Wikipedia
A8: Chùa Thầy | B8: QG đặc biệt | C8: Quốc Oai (ngoại thành) | D8: Xem nguồn | E8: Xem nguồn | G8: https://baovanhoa.vn/di-san/trien-lam-di-tich-quoc-gia-dac-biet-o-ha-noi-59651.html | H8: Báo chí | I8: Đã đối chiếu nguồn | J8: Chùa cổ dưới chân núi Sài Sơn, gắn với Thiền sư Từ Đạo Hạnh; có thủy đình múa rối nước giữa hồ. | K8: https://baovanhoa.vn/di-san/trien-lam-di-tich-quoc-gia-dac-biet-o-ha-noi-59651.html | L8: Hiểu biết chung (link chỉ xác nhận xếp hạng)
A9: Chùa Tây Phương | B9: QG đặc biệt | C9: Thạch Thất (ngoại thành) | D9: Xem nguồn | E9: Xem nguồn | G9: https://baovanhoa.vn/di-san/trien-lam-di-tich-quoc-gia-dac-biet-o-ha-noi-59651.html | H9: Báo chí | I9: Đã đối chiếu nguồn | J9: Chùa cổ trên đồi, nổi tiếng với bộ tượng La Hán gỗ được xem là kiệt tác điêu khắc. | K9: https://baovanhoa.vn/di-san/trien-lam-di-tich-quoc-gia-dac-biet-o-ha-noi-59651.html | L9: Hiểu biết chung (link chỉ xác nhận xếp hạng)
A10: Đình Chèm | B10: QG đặc biệt | C10: Bắc Từ Liêm | D10: Xem nguồn | E10: Xem nguồn | G10: https://baovanhoa.vn/di-san/trien-lam-di-tich-quoc-gia-dac-biet-o-ha-noi-59651.html | H10: Báo chí | I10: Đã đối chiếu nguồn | J10: Một trong những ngôi đình cổ nhất Hà Nội, thờ Lý Ông Trọng, nằm ven sông Hồng. | K10: https://baovanhoa.vn/di-san/trien-lam-di-tich-quoc-gia-dac-biet-o-ha-noi-59651.html | L10: Hiểu biết chung (link chỉ xác nhận xếp hạng)
A11: Đình Tây Đằng | B11: QG đặc biệt | C11: Ba Vì (ngoại thành) | D11: Xem nguồn | E11: Xem nguồn | G11: https://baovanhoa.vn/di-san/trien-lam-di-tich-quoc-gia-dac-biet-o-ha-noi-59651.html | H11: Báo chí | I11: Đã đối chiếu nguồn | J11: Ngôi đình cổ ở Ba Vì, nổi tiếng với nghệ thuật chạm khắc gỗ dân gian. | K11: https://baovanhoa.vn/di-san/trien-lam-di-tich-quoc-gia-dac-biet-o-ha-noi-59651.html | L11: Hiểu biết chung (link chỉ xác nhận xếp hạng)
A12: Đền Hát Môn | B12: QG đặc biệt | C12: Phúc Thọ (ngoại thành) | D12: Xem nguồn | E12: Xem nguồn | G12: https://baovanhoa.vn/di-san/trien-lam-di-tich-quoc-gia-dac-biet-o-ha-noi-59651.html | H12: Báo chí | I12: Đã đối chiếu nguồn | J12: Đền thờ Hai Bà Trưng ở Phúc Thọ, gắn với lễ tế cờ khởi nghĩa của Hai Bà. | K12: https://baovanhoa.vn/di-san/trien-lam-di-tich-quoc-gia-dac-biet-o-ha-noi-59651.html | L12: Hiểu biết chung (link chỉ xác nhận xếp hạng)
A13: Đền Hai Bà Trưng (Mê Linh) | B13: QG đặc biệt | C13: Mê Linh (ngoại thành) | D13: Xem nguồn | E13: Xem nguồn | G13: https://baovanhoa.vn/di-san/trien-lam-di-tich-quoc-gia-dac-biet-o-ha-noi-59651.html | H13: Báo chí | I13: Đã đối chiếu nguồn | J13: Đền thờ Hai Bà Trưng tại quê hương Mê Linh của Hai Bà. | K13: https://baovanhoa.vn/di-san/trien-lam-di-tich-quoc-gia-dac-biet-o-ha-noi-59651.html | L13: Hiểu biết chung (link chỉ xác nhận xếp hạng)
A14: Quần thể danh thắng Hương Sơn (chùa Hương) | B14: QG đặc biệt | C14: Mỹ Đức (ngoại thành) | D14: Xem nguồn | E14: Xem nguồn | G14: https://baovanhoa.vn/di-san/trien-lam-di-tich-quoc-gia-dac-biet-o-ha-noi-59651.html | H14: Báo chí | I14: Đã đối chiếu nguồn | J14: Quần thể chùa động trong núi cách trung tâm khoảng 60 km, một trong những điểm hành hương đông nhất dịp đầu năm. | K14: https://www.vietnammonpaysnatal.fr/pagoda-of-vietnam-va-part-2/ | L14: Trang văn hóa – du lịch
A15: Đình Tường Phiêu | B15: QG đặc biệt | C15: Phúc Thọ (ngoại thành) | D15: Xem nguồn | E15: Xem nguồn | F15: Xếp hạng sau năm 2018 | G15: https://kinhte.congthuong.vn/apicenter@/print_article&i=368066 | H15: Báo chí | I15: Đã đối chiếu nguồn | J15: Ngôi đình cổ ở Phúc Thọ, được nâng hạng di tích quốc gia đặc biệt. | K15: https://kinhte.congthuong.vn/apicenter@/print_article&i=368066 | L15: Báo chí
A16: Cửa Bắc (Chính Bắc Môn) | B16: Thuộc hệ thống thành Hà Nội xưa | C16: 46 Phan Đình Phùng, Ba Đình | D16: Tự do 24/7 | E16: Miễn phí | F16: Còn dấu đạn pháo năm 1882 | G16: https://www.vietnamairlines.com/at/vi/plan-book/travel/travel-guide/di-tich-lich-su-o-ha-noi | H16: Trang du lịch | I16: Đã đối chiếu nguồn | J16: Một trong năm cổng của thành Hà Nội xưa còn sót lại, tham quan tự do. | K16: https://www.vietnamairlines.com/at/vi/plan-book/travel/travel-guide/di-tich-lich-su-o-ha-noi | L16: Trang du lịch
A17: Chùa Trấn Quốc | B17: Di tích | C17: 46 Thanh Niên, Tây Hồ | D17: 8:00–16:00 (ngày rằm, mùng 1: 6:00–18:00) | E17: Miễn phí | G17: https://www.vietnamairlines.com/at/vi/plan-book/travel/travel-guide/di-tich-lich-su-o-ha-noi | H17: Trang du lịch | I17: Đã đối chiếu nguồn | J17: Ngôi chùa cổ bên Hồ Tây, nổi bật với bảo tháp nhiều tầng; điểm ngắm hoàng hôn quen thuộc. | K17: https://www.vietnamairlines.com/at/vi/plan-book/travel/travel-guide/di-tich-lich-su-o-ha-noi | L17: Trang du lịch
A18: Hội quán Quảng Đông – 22 Hàng Buồm | B18: Di tích kiến trúc nghệ thuật QG | C18: 22 Hàng Buồm, Hoàn Kiếm | D18: Xem nguồn | E18: 20.000đ/lượt (từ 1/1/2025) | F18: Nay là Trung tâm Văn hóa Nghệ thuật, hay có triển lãm & biểu diễn | G18: https://kinhte.congthuong.vn/apicenter@/print_article&i=368066 | H18: Báo chí | I18: Đã đối chiếu nguồn | J18: Hội quán của người Hoa gốc Quảng Đông, di tích kiến trúc nghệ thuật quốc gia từ 2007; nay thường tổ chức triển lãm, biểu diễn. | K18: https://kinhte.congthuong.vn/apicenter@/print_article&i=368066 | L18: Báo chí
A19: Ngôi nhà di sản 87 Mã Mây | B19: Di tích phố cổ | C19: 87 Mã Mây, Hoàn Kiếm | D19: Xem nguồn | E19: 20.000đ/lượt (từ 1/1/2025) | G19: https://kinhte.congthuong.vn/apicenter@/print_article&i=368066 | H19: Báo chí | I19: Đã đối chiếu nguồn | J19: Ngôi nhà cổ ống điển hình của phố cổ được bảo tồn, giúp hình dung nếp sống Hà Nội xưa. | K19: https://kinhte.congthuong.vn/apicenter@/print_article&i=368066 | L19: Báo chí

Sheet Cafe_nhac_song
A1: Tên quán | B1: Phong cách nhạc | C1: Địa chỉ | D1: Khu vực | E1: Lịch nhạc / ghi chú | F1: Link nguồn | G1: Loại nguồn | H1: Xác minh | I1: Giới thiệu ngắn | J1: Nguồn giới thiệu | K1: Loại nguồn giới thiệu
A2: G4U Acoustic Cafe | B2: Acoustic | C2: 29 Nguyễn Khang | D2: Cầu Giấy | E2: Nhạc sống buổi tối; khu Nguyễn Khang có nhiều quán nhạc sống | F2: https://www.foody.vn/ha-noi/g4u-acoustic-cafe | G2: Trang review | H2: Đã đối chiếu nguồn | I2: Quán acoustic trên phố Nguyễn Khang, nơi tập trung nhiều quán nhạc sống; buổi tối đông khách, giá đồ uống khá cao. | J2: https://www.foody.vn/ha-noi/g4u-acoustic-cafe | K2: Trang review
A3: Trịnh Ca Café | B3: Nhạc Trịnh | C3: Ngõ 233 Tô Hiệu | D3: Cầu Giấy | E3: Không gian hoài cổ | F3: https://vinpearl.com/vi/quan-cafe-nhac-song-ha-noi | G3: Trang du lịch | H3: Đã đối chiếu nguồn | I3: Quán chuyên nhạc Trịnh, không gian hoài cổ. | J3: https://vinpearl.com/vi/quan-cafe-nhac-song-ha-noi | K3: Trang du lịch
A4: Xóm Cà Phê | B4: Nhạc Trịnh, acoustic | C4: 111C8 Tô Hiệu (Cầu Giấy) & N6E Trung Hòa (Thanh Xuân) | D4: Cầu Giấy / Thanh Xuân | E4: Đêm nhạc tối thứ Sáu, thứ Bảy | F4: https://vinpearl.com/vi/quan-cafe-nhac-song-ha-noi | G4: Trang du lịch | H4: Đã đối chiếu nguồn | I4: Quán cà phê không gian cổ, có đêm nhạc Trịnh và acoustic cuối tuần. | J4: https://vinpearl.com/vi/quan-cafe-nhac-song-ha-noi | K4: Trang du lịch
A5: Swing Music Lounge | B5: Lounge, acoustic | C5: 21 Tràng Tiền | D5: Hoàn Kiếm | E5: Quán có menu đa dạng cùng nhiều loại đồ uống hấp dẫn. Hệ thống âm thanh được đầu tư chỉn chu, sân khấu hiện đại, ánh sáng tốt, mang tới những màn biểu diễn ấn tượng cho khách hàng. | F5: https://mytour.vn/vi/blog/bai-viet/10-quan-cafe-acoustic-hang-dau-tai-ha-noi-khong-the-bo-lo.html | G5: Trang du lịch | H5: Cần kiểm tra: số tầng giữa các nguồn khác nhau | I5: Lounge nhạc sống ngay trung tâm, nổi bật về thiết kế kiến trúc. | J5: https://mytour.vn/vi/blog/bai-viet/10-quan-cafe-acoustic-hang-dau-tai-ha-noi-khong-the-bo-lo.html | K5: Trang du lịch
A6: Ấy Lounge | B6: Cà phê nhạc sống | C6: 63 Hàng Bún | D6: Ba Đình | E6: Một trong những quán đầu tiên kết hợp cà phê + nhạc sống | F6: https://vinpearl.com/vi/quan-cafe-nhac-song-ha-noi | G6: Trang du lịch | H6: Đã đối chiếu nguồn | I6: Một trong những quán đầu tiên ở Hà Nội làm mô hình cà phê kết hợp nhạc sống. | J6: https://vinpearl.com/vi/quan-cafe-nhac-song-ha-noi | K6: Trang du lịch
A7: Trixie Cafe & Lounge | B7: Phòng trà | C7: 165 Thái Hà | D7: Đống Đa | F7: https://vinpearl.com/vi/quan-cafe-nhac-song-ha-noi | G7: Trang du lịch | H7: Đã đối chiếu nguồn | I7: Phòng trà – cà phê nhạc sống theo phong cách sang trọng. | J7: https://vinpearl.com/vi/quan-cafe-nhac-song-ha-noi | K7: Trang du lịch
A8: Acoustic Cafe 236 Hàng Bông | B8: Acoustic | C8: 236 Hàng Bông | D8: Hoàn Kiếm | E8: Phố cổ | F8: https://vinpearl.com/vi/quan-cafe-nhac-song-ha-noi | G8: Trang du lịch | H8: Đã đối chiếu nguồn | I8: Quán nhạc sống acoustic ngay khu phố cổ. | J8: https://vinpearl.com/vi/quan-cafe-nhac-song-ha-noi | K8: Trang du lịch
A9: Polygon Musik | B9: Cà phê nhạc sống | C9: 36 Cát Linh | D9: Đống Đa | F9: https://vinwonders.com/vi/wonderpedia/news/cafe-nhac-song-ha-noi/ | G9: Trang du lịch | H9: Đã đối chiếu nguồn | I9: Quán cà phê nhạc sống có phong cách khá độc đáo trên phố Cát Linh. | J9: https://vinwonders.com/vi/wonderpedia/news/cafe-nhac-song-ha-noi/ | K9: Trang du lịch
A10: Giang Coffee (chi nhánh Hà Đông) | B10: Acoustic | C10: 119B Trần Phú | D10: Hà Đông | F10: https://www.toplist.vn/top-list/quan-cafe-nhac-acoustic-o-ha-dong-ha-noi-41374.htm | G10: Trang tổng hợp | H10: Đã đối chiếu nguồn | I10: Chi nhánh của thương hiệu cà phê trứng lâu đời, có nhạc acoustic. | J10: https://www.toplist.vn/top-list/quan-cafe-nhac-acoustic-o-ha-dong-ha-noi-41374.htm | K10: Trang tổng hợp
A11: Cà phê Cúc Cu | B11: Acoustic | C11: B4-BT1 KĐT Văn Quán | D11: Hà Đông | E11: Fanpage: facebook.com/CucCuHoiAn | F11: https://www.toplist.vn/top-list/quan-cafe-nhac-acoustic-o-ha-dong-ha-noi-41374.htm | G11: Trang tổng hợp | H11: Đã đối chiếu nguồn | I11: Quán acoustic ở khu đô thị Văn Quán, được giới trẻ Hà Đông ưa chuộng. | J11: https://www.toplist.vn/top-list/quan-cafe-nhac-acoustic-o-ha-dong-ha-noi-41374.htm | K11: Trang tổng hợp
A12: ATC Coffee Music | B12: Nhạc sống | C12: Biệt thự B06, KĐT Nam Cường | D12: Hà Đông | E12: Địa điểm check-in đẹp | F12: https://www.facebook.com/atclivemusic/ | G12: Fanpage | H12: Cần kiểm tra: tên quán suy từ fanpage | I12: Điểm nhạc sống trong biệt thự ở KĐT Nam Cường. | J12: https://www.toplist.vn/top-list/quan-cafe-nhac-acoustic-o-ha-dong-ha-noi-41374.htm | K12: Trang tổng hợp
A13: Acoustic Coffee | B13: Acoustic | C13: C40 ngõ 54 Nguyễn Khuyến | D13: Hà Đông | F13: https://www.toplist.vn/top-list/quan-cafe-nhac-acoustic-o-ha-dong-ha-noi-41374.htm | G13: Trang tổng hợp | H13: Đã đối chiếu nguồn | I13: Quán nhỏ ấm cúng kết hợp cà phê và nhạc acoustic. | J13: https://www.toplist.vn/top-list/quan-cafe-nhac-acoustic-o-ha-dong-ha-noi-41374.htm | K13: Trang tổng hợp
A14: Kuku Acoustic Coffee | B14: Acoustic | C14: Khu A8 Tôn Thất Tùng | D14: Đống Đa | E14: Tông đen trắng, quán nhỏ | F14: https://znews.vn/5-quan-ca-phe-nhac-song-duoc-yeu-thich-o-ha-noi-post737418.html | G14: Báo chí | H14: Đã đối chiếu nguồn | I14: Quán nhỏ tông đen trắng trong khu tập thể A8 Tôn Thất Tùng. | J14: https://znews.vn/5-quan-ca-phe-nhac-song-duoc-yeu-thich-o-ha-noi-post737418.html | K14: Báo chí
A15: Cà phê Cuối Ngõ | B15: Nhạc sống, trà | C15: Ngõ 68 Cầu Giấy | D15: Cầu Giấy | F15: https://znews.vn/5-quan-ca-phe-nhac-song-duoc-yeu-thich-o-ha-noi-post737418.html | G15: Báo chí | H15: Đã đối chiếu nguồn | I15: Quán trong ngõ sâu, vừa uống trà vừa nghe nhạc sống. | J15: https://znews.vn/5-quan-ca-phe-nhac-song-duoc-yeu-thich-o-ha-noi-post737418.html | K15: Báo chí

Sheet Workshop
A1: Tên | B1: Loại workshop | C1: Địa chỉ | D1: Lịch / ghi chú | E1: Link nguồn | F1: Loại nguồn | G1: Xác minh | H1: Giới thiệu ngắn | I1: Nguồn giới thiệu | J1: Loại nguồn giới thiệu | K1: Note | L1: Sđt liên hệ
A2: Gốm Chi | B2: Làm gốm | C2: 43 Vạn Kiếp | D2: Được nhiều bạn trẻ chọn cuối tuần | E2: https://vinwonders.com/vi/wonderpedia/news/workshop-lam-gom-ha-noi/ | F2: Trang du lịch | G2: Đã đối chiếu nguồn | H2: Xưởng nặn gốm được giới trẻ chọn làm điểm vui chơi cuối tuần. | I2: https://vinwonders.com/vi/wonderpedia/news/workshop-lam-gom-ha-noi/ | J2: Trang du lịch | K2: chú ý liên hệ trước khi đến
A3: Puppets Studio | B3: Làm gốm | C3: 1/1/61 Tây Sơn | D3: Lớp học & workshop thường xuyên | E3: https://vinwonders.com/vi/wonderpedia/news/workshop-lam-gom-ha-noi/ | F3: Trang du lịch | G3: Đã đối chiếu nguồn | H3: Studio gốm có lớp học và workshop thường xuyên, không gian yên tĩnh. | I3: https://vinwonders.com/vi/wonderpedia/news/workshop-lam-gom-ha-noi/ | J3: Trang du lịch | K3: chú ý liên hệ trước khi đến
A4: Trung tâm Tinh hoa Làng nghề Việt (Bát Tràng) | B4: Làm gốm | C4: Tầng G, số 28 thôn 5, Bát Tràng | E4: https://vinwonders.com/vi/wonderpedia/news/workshop-lam-gom-ha-noi/ | F4: Trang du lịch | G4: Đã đối chiếu nguồn | H4: Tổ hợp trưng bày và trải nghiệm làm gốm ngay trong làng Bát Tràng. | I4: https://vinwonders.com/?p=72416 | J4: Trang du lịch | K4: chú ý liên hệ trước khi đến
A5: Tipsy Art | B5: Vẽ tranh | C5: 6B Nguyễn Cảnh Chân, Phường Cầu Ông Lãnh, TP.HCM | D5: Cuối tuần 9:00–12:00 & 14:00–17:00 | E5: https://vinpearl.com/vi/workshop-ve-tranh-ha-noi | F5: Trang du lịch | G5: Cần kiểm tra: nguồn chưa nêu địa chỉ | H5: Workshop vẽ tranh dành cho người mới, mở các ca sáng và chiều cuối tuần. | I5: https://vinwonders.com/?p=76241 | J5: Trang du lịch | K5: chú ý liên hệ trước khi đến
K6: chú ý liên hệ trước khi đến
A7: Cheapie Coffee & Art | B7: Vẽ tranh | C7: Tầng 4 - Lotte Mall West Lake -683 Lạc Long Quân | D7: Workshop hằng tuần theo chủ đề | E7: https://vinwonders.com/?p=76241 | F7: Trang du lịch | G7: Cần kiểm tra: nguồn chưa nêu địa chỉ | H7: Tiệm cà phê kiêm không gian vẽ tranh, workshop hằng tuần theo chủ đề. | I7: https://vinwonders.com/?p=76241 | J7: Trang du lịch | K7: chú ý liên hệ trước khi đến
A9: OUR.Hanoi | B9: Vẽ tranh | C9: 292 Bạch Đằng, Hanoi, Vietnam | E9: https://vinwonders.com/?p=76241 | F9: Trang du lịch | G9: Cần kiểm tra: nguồn chưa nêu địa chỉ | H9: Không gian tổ chức các workshop vẽ tranh. | I9: https://vinwonders.com/?p=76241 | J9: Trang du lịch | K9: chú ý liên hệ trước khi đến
A11: Thekandle | B11: Làm nến thơm | C11: Tầng 2, 21 Hàng Bún | E11: https://vinwonders.com/vi/wonderpedia/news/workshop-lam-nen-thom-ha-noi/ | F11: Trang du lịch | G11: Đã đối chiếu nguồn | H11: Workshop làm nến thơm theo hướng nghệ thuật ở phố cổ. | I11: https://vinwonders.com/vi/wonderpedia/news/workshop-lam-nen-thom-ha-noi/ | J11: Trang du lịch | K11: chú ý liên hệ trước khi đến | L11: 0868 334 331
A12: Ribbon Florist | B12: Cắm hoa | C12: 6 Lý Đạo Thành | D12: Không phải tuần nào cũng mở lớp | E12: https://vinwonders.com/?p=73751 | F12: Trang du lịch | G12: Đã đối chiếu nguồn | H12: Tiệm hoa có workshop cắm hoa theo nhiều chủ đề. | I12: https://vinwonders.com/?p=73751 | J12: Trang du lịch | K12: chú ý liên hệ trước khi đến | L12: 84 96 9755323

Sheet Photobooth
A1: Tên | B1: Chi nhánh / địa chỉ | C1: Khu vực | D1: Ghi chú | E1: Link nguồn | F1: Loại nguồn | G1: Xác minh | H1: Giới thiệu ngắn | I1: Nguồn giới thiệu | J1: Loại nguồn giới thiệu
A2: Photo Time | B2: 99 Chùa Láng | C2: Đống Đa | E2: https://www.finhay.com.vn/chup-photobooth-o-dau-ha-noi-dep | F2: Trang tổng hợp | G2: Đã đối chiếu nguồn | H2: Chuỗi photobooth được đánh giá cao về chất lượng ảnh. | I2: https://www.finhay.com.vn/chup-photobooth-o-dau-ha-noi-dep | J2: Trang tổng hợp
A3: Photo Time | B3: 241 Xuân Thủy | C3: Cầu Giấy | E3: https://www.finhay.com.vn/chup-photobooth-o-dau-ha-noi-dep | F3: Trang tổng hợp | G3: Đã đối chiếu nguồn | H3: Chuỗi photobooth được đánh giá cao về chất lượng ảnh. | I3: https://www.finhay.com.vn/chup-photobooth-o-dau-ha-noi-dep | J3: Trang tổng hợp
A4: Finhay Photobooth | B4: 8 Nhà Chung | C4: Hoàn Kiếm | D4: Từ ngày 04/08/2026 đến hết ngày 31/12/2026, hoặc đến khi hết số lượng quà tặng được phân bổ, tùy thời điểm nào đến trước. | E4: https://www.finhay.com.vn/chup-photobooth-o-dau-ha-noi-dep | F4: Chính thức (trang của Finhay) | G4: Đã đối chiếu nguồn | H4: Chương trình photobooth chụp miễn phí do Finhay tổ chức. | I4: https://www.finhay.com.vn/chup-photobooth-o-dau-ha-noi-dep | J4: Chính thức
A5: Finhay Photobooth | B5: 27 Chùa Bộc | C5: Đống Đa | D5: Từ ngày 04/08/2026 đến hết ngày 31/12/2026, hoặc đến khi hết số lượng quà tặng được phân bổ, tùy thời điểm nào đến trước. | E5: https://www.finhay.com.vn/chup-photobooth-o-dau-ha-noi-dep | F5: Chính thức (trang của Finhay) | G5: Đã đối chiếu nguồn | H5: Chương trình photobooth chụp miễn phí do Finhay tổ chức. | I5: https://www.finhay.com.vn/chup-photobooth-o-dau-ha-noi-dep | J5: Chính thức
A6: Finhay Photobooth | B6: 47 Nhật Chiêu | C6: Tây Hồ | D6: Từ ngày 04/08/2026 đến hết ngày 31/12/2026, hoặc đến khi hết số lượng quà tặng được phân bổ, tùy thời điểm nào đến trước. | E6: https://www.finhay.com.vn/chup-photobooth-o-dau-ha-noi-dep | F6: Chính thức (trang của Finhay) | G6: Đã đối chiếu nguồn | H6: Chương trình photobooth chụp miễn phí do Finhay tổ chức. | I6: https://www.finhay.com.vn/chup-photobooth-o-dau-ha-noi-dep | J6: Chính thức
A7: Finhay Photobooth | B7: 6 Dương Khuê | C7: Cầu Giấy | D7: Từ ngày 04/08/2026 đến hết ngày 31/12/2026, hoặc đến khi hết số lượng quà tặng được phân bổ, tùy thời điểm nào đến trước. | E7: https://www.finhay.com.vn/chup-photobooth-o-dau-ha-noi-dep | F7: Chính thức (trang của Finhay) | G7: Đã đối chiếu nguồn | H7: Chương trình photobooth chụp miễn phí do Finhay tổ chức. | I7: https://www.finhay.com.vn/chup-photobooth-o-dau-ha-noi-dep | J7: Chính thức
A8: Photobooth Một Hai Ba | B8: 64A Trần Quốc Toản | C8: Hoàn Kiếm | D8: Concept Vivid | E8: https://www.finhay.com.vn/chup-photobooth-o-dau-ha-noi-dep | F8: Trang tổng hợp | G8: Đã đối chiếu nguồn | H8: Chuỗi photobooth với hai concept Vivid và Neutral. | I8: https://www.finhay.com.vn/chup-photobooth-o-dau-ha-noi-dep | J8: Trang tổng hợp
A9: Photobooth Một Hai Ba | B9: 171 Trích Sài | C9: Tây Hồ | D9: Concept Vivid | E9: https://www.finhay.com.vn/chup-photobooth-o-dau-ha-noi-dep | F9: Trang tổng hợp | G9: Đã đối chiếu nguồn | H9: Chuỗi photobooth với hai concept Vivid và Neutral. | I9: https://www.finhay.com.vn/chup-photobooth-o-dau-ha-noi-dep | J9: Trang tổng hợp
A10: Photobooth Một Hai Ba | B10: 1 Mạc Đĩnh Chi | C10: Ba Đình | D10: Concept Neutral | E10: https://www.finhay.com.vn/chup-photobooth-o-dau-ha-noi-dep | F10: Trang tổng hợp | G10: Đã đối chiếu nguồn | H10: Chuỗi photobooth với hai concept Vivid và Neutral. | I10: https://www.finhay.com.vn/chup-photobooth-o-dau-ha-noi-dep | J10: Trang tổng hợp
A11: Photoism | B11: 83 Xuân Thủy | C11: Cầu Giấy | D11: Chuỗi photobooth chuẩn Hàn | E11: https://www.vietnamairlines.com/at/vi/plan-book/travel/travel-guide/photobooth-ha-noi | F11: Trang du lịch | G11: Đã đối chiếu nguồn | H11: Chuỗi photobooth chuẩn Hàn Quốc, ảnh sắc nét, nhiều phông nền. | I11: https://www.vietnamairlines.com/at/vi/plan-book/travel/travel-guide/photobooth-ha-noi | J11: Trang du lịch
A12: Pose Photo | B12: 33 ngõ 49 Huỳnh Thúc Kháng | C12: Đống Đa | D12: Phong cách Hàn, tông hồng | E12: https://mia.vn/cam-nang-du-lich/photobooth-ha-noi-cuc-hot-19165 | F12: Trang du lịch | G12: Đã đối chiếu nguồn | H12: Photobooth phong cách Hàn, tông hồng ngọt ngào, nằm trong ngõ nhỏ. | I12: https://mia.vn/cam-nang-du-lich/photobooth-ha-noi-cuc-hot-19165 | J12: Trang du lịch
A13: Photo Story | B13: 128 Chùa Láng | C13: Đống Đa | E13: https://mia.vn/cam-nang-du-lich/photobooth-ha-noi-cuc-hot-19165 | F13: Trang du lịch | G13: Đã đối chiếu nguồn | H13: Photobooth quen thuộc với giới trẻ trên phố Chùa Láng. | I13: https://mia.vn/cam-nang-du-lich/photobooth-ha-noi-cuc-hot-19165 | J13: Trang du lịch
A14: Life4cuts & Photo Story (cụm Đặng Văn Ngữ) | B14: Phố Đặng Văn Ngữ | C14: Đống Đa | D14: Mở cửa đến khoảng 22h | E14: https://www.greensm.com/vn-vi/news/photobooth-dang-van-ngu-ha-noi | F14: Trang tổng hợp | G14: Cần kiểm tra: nguồn chưa ghi số nhà | H14: Cụm photobooth phong cách tươi trẻ, phù hợp nhóm dưới 6 người. | I14: https://www.greensm.com/vn-vi/news/photobooth-dang-van-ngu-ha-noi | J14: Trang tổng hợp

Sheet Nha_hat_Dia_diem
A1: Tên địa điểm | B1: Loại | C1: Địa chỉ | D1: Hoạt động tiêu biểu | E1: Website / Link nguồn | F1: Loại nguồn | G1: Xác minh | H1: Giới thiệu ngắn | I1: Nguồn giới thiệu | J1: Loại nguồn giới thiệu
A2: Nhà hát Hồ Gươm | B2: Nhà hát (hòa nhạc, opera) | C2: Hoàn Kiếm | D2: Hòa nhạc giao hưởng, opera; bán vé online | E2: https://hoguomopera.com/ | F2: Chính thức | G2: Đã đối chiếu nguồn | H2: Nhà hát mới ở trung tâm, chuyên giao hưởng, opera và đang mở rộng thành điểm đến văn hóa đa trải nghiệm. | I2: https://hoguomopera.com/ | J2: Chính thức
A3: Nhà hát Múa rối Thăng Long | B3: Múa rối nước | C3: 57B Đinh Tiên Hoàng, Hoàn Kiếm | D3: Diễn 365 ngày/năm, nhiều suất mỗi ngày | E3: https://www.vietnamtourism.com/vi/nha-hat-mua-roi-nuoc-thang-long-o-ha-noi-gio-dien-ve-va-thoi | F3: Trang du lịch | G3: Đã đối chiếu nguồn | H3: Thành lập năm 1969, cạnh Hồ Gươm; được ghi nhận là nhà hát diễn múa rối nước 365 ngày/năm. | I3: https://www.vietnamtourism.com/vi/nha-hat-mua-roi-nuoc-thang-long-o-ha-noi-gio-dien-ve-va-thoi | J3: Trang du lịch
A4: Nhà hát Lớn Hà Nội & Vườn âm nhạc | B4: Nhà hát | C4: Hoàn Kiếm | D4: Nơi tổ chức đêm khai mạc Jazztival 2026 | E4: https://nhadautu.vn/kham-pha-ban-do-nhac-jazz-quoc-te-tai-ha-noi-vao-thang-9-d106942.html | F4: Báo chí | G4: Đã đối chiếu nguồn | H4: Nhà hát kiến trúc Pháp xây 1901–1911, biểu tượng văn hóa của Thủ đô. | I4: https://www.vietnamplus.vn/infographics-nha-hat-lon-thanh-pho-ha-noi-diem-hen-van-hoa-post329834.vnp | J4: Báo chí
A5: Nhà hát Ca Múa Nhạc Thăng Long | B5: Nhà hát | C5: Hà Nội | D5: Chương trình du lịch "Chuyện Hà Nội – Một ngày rất Hà Nội" | E5: https://nhadautu.vn/kham-pha-ban-do-nhac-jazz-quoc-te-tai-ha-noi-vao-thang-9-d106942.html | F5: Báo chí | G5: Đã đối chiếu nguồn | H5: Đơn vị nghệ thuật của Hà Nội, thực hiện Jazztival 2026 và show du lịch "Chuyện Hà Nội". | I5: https://nhadautu.vn/kham-pha-ban-do-nhac-jazz-quoc-te-tai-ha-noi-vao-thang-9-d106942.html | J5: Báo chí
A6: Trung tâm Văn hóa Nghệ thuật 22 Hàng Buồm | B6: Không gian di sản – biểu diễn | C6: 22 Hàng Buồm, Hoàn Kiếm | D6: "Jazz và Di sản", triển lãm | E6: https://baoquocte.vn/jazz-ha-noi-giai-dieu-khong-bien-gioi-430625.html | F6: Báo chí | G6: Đã đối chiếu nguồn | H6: Hội quán Quảng Đông cũ, nay là không gian triển lãm và biểu diễn giữa phố cổ. | I6: https://kinhte.congthuong.vn/apicenter@/print_article&i=368066 | J6: Báo chí
A7: Cung Văn hóa Lao động Hữu nghị Việt Xô | B7: Hội trường biểu diễn | C7: Hà Nội | D7: Musique de Salon, Liên hoan Sân khấu | E7: https://vticket.com.vn/ | F7: Nền tảng bán vé | G7: Đã đối chiếu nguồn
A8: Rạp Công Nhân, rạp Đại Nam, rạp Hồng Hà | B8: Rạp kịch | C8: Hà Nội | D8: Sân khấu chính của Liên hoan Sân khấu HN mở rộng | E8: https://daibieunhandan.vn/dau-thang-9-se-dien-ra-lien-hoan-san-khau-ha-noi-mo-rong-2026-10416231.html | F8: Báo chí | G8: Đã đối chiếu nguồn
A9: Hãng Phim tài liệu và khoa học Trung ương | B9: Chiếu phim | C9: 465 Hoàng Hoa Thám | D9: Liên hoan phim tài liệu châu Âu – Việt Nam | E9: https://mekongasean.vn/14-tac-pham-trong-nuoc-tham-gia-lien-hoan-phim-tai-lieu-chau-au-viet-nam-2026-59631.html | F9: Báo chí | G9: Đã đối chiếu nguồn
A10: Sân vận động Quốc gia Mỹ Đình | B10: Sân vận động | C10: Nam Từ Liêm | D10: Concert quy mô lớn (BIGBANG 24–25/10/2026) | E10: https://vtv.vn/su-bung-no-cua-cac-concert-quy-mo-lon-va-co-hoi-dinh-hinh-cac-ip-van-hoa-100260928161459087.htm | F10: Báo chí | G10: Đã đối chiếu nguồn

Sheet Nguon_theo_doi
A1: Nguồn | B1: Dùng để | C1: Link | D1: Loại nguồn
A2: Ticketgo | B2: Lịch concert, hòa nhạc, kịch & mua vé | C2: https://ticketgo.vn/ | D2: Nền tảng bán vé
A3: Vticket | B3: Lịch hòa nhạc, liveshow & mua vé | C3: https://vticket.com.vn/ | D3: Nền tảng bán vé
A4: Ticketbox | B4: Concert, EDM, show lớn | C4: https://ticketbox.vn/ | D4: Nền tảng bán vé
A5: Nhà hát Hồ Gươm | B5: Lịch diễn giao hưởng, opera | C5: https://hoguomopera.com/ | D5: Chính thức
A6: Hoàng thành Thăng Long | B6: Thông tin & vé điện tử | C6: https://hoangthanhthanglong.com | D6: Chính thức
A7: Bảo tàng Dân tộc học | B7: Triển lãm, sự kiện | C7: https://www.vme.org.vn | D7: Chính thức
A8: Kế hoạch Lễ hội TKST Hà Nội 2026 (UBND TP) | B8: Văn bản gốc khung lễ hội | C8: https://datafiles.hanoi.gov.vn/gov-hni/6249/VanBan/2025/12/10/KH-333-2025.pdf | D8: Chính thức (văn bản nhà nước)
A9: Mạng lưới 82 không gian văn hóa sáng tạo Hà Nội | B9: Triển lãm, workshop nhỏ | C9: https://www.sggp.org.vn/cong-bo-le-hoi-thiet-ke-sang-tao-ha-noi-2026-post827969.html | D9: Báo chí
A10: Danh mục di tích & di sản Hà Nội | B10: Số liệu di tích, làng nghề | C10: https://tapchicongthuong.vn/ha-noi--cong-bo-danh-muc-di-tich--di-san-can-duoc-bao-ve-va-phat-huy-gia-tri-140406.htm | D10: Báo chí
